https://emos.plurk.com/4272d20c74812aec37dbaed70b192f7e_w48_h48.jpeg,VTuber_001
https://emos.plurk.com/d82d3b35bf69a519859633eba30746bb_w48_h48.jpeg,VTuber_002
https://emos.plurk.com/e0212366c9622ec7cc8680bc1a2214e3_w48_h48.jpeg,VTuber_003
https://emos.plurk.com/f2e0f091ea78ecead2e55135cc63d2e5_w48_h48.gif,動圖_001
https://emos.plurk.com/ea16b2de3d65444e025dc164d94fa593_w48_h48.gif,動圖_002
https://emos.plurk.com/15629759355ec6d1d39ec709b98039b3_w48_h48.gif,動圖_003
https://emos.plurk.com/e7c66d12c3735fe8f8898c8e1b5d0773_w48_h48.gif,動圖_004
https://emos.plurk.com/ee659f42f14c9672c69088865eb95b7c_w48_h48.gif,動圖_005
https://emos.plurk.com/c575f6e11f7c05763d549a645ffaa689_w48_h48.gif,動圖_006
https://emos.plurk.com/a9920c94623210724ca85e72e8e42876_w48_h48.gif,動圖_007
https://emos.plurk.com/1eb13d2a0c4e69e67c3ff7dd16da4d05_w48_h48.gif,動圖_008
https://emos.plurk.com/d07581c568cf21fdf4e26071a862dda7_w48_h48.gif,動圖_009
https://emos.plurk.com/c333a75cea0916c56d8325cf84f70cba_w48_h48.gif,動圖_010
https://emos.plurk.com/cb965f0ab309556279d013bd78328fea_w48_h48.gif,動圖_011
https://emos.plurk.com/56eb5f6e69509eee18beed52735975a0_w48_h48.gif,動圖_012
https://emos.plurk.com/f3e75c8474ae0e6294b43c755ae0dbe3_w48_h48.gif,動圖_013
https://emos.plurk.com/4e7c142c98976ec97e83726da1bed20f_w47_h47.gif,動圖_014
https://emos.plurk.com/798aa16aa8a5e69e962c244bc6c78210_w48_h48.gif,動圖_015
https://emos.plurk.com/6ab067b61d05074678888036bdbdd134_w48_h48.gif,動圖_016
https://emos.plurk.com/612dcf7308ddc274e3b0f544b471cf0c_w48_h48.gif,動圖_017
https://emos.plurk.com/21dd2a17aca8b4d81d4f4d03220d3fcd_w48_h48.gif,動圖_018
https://emos.plurk.com/5c61f27bc9f2323ee081f5a053134a47_w48_h48.gif,動圖_019
https://emos.plurk.com/214a244f6037943b90d38d0d2a94bf4e_w48_h48.gif,動圖_020
https://emos.plurk.com/7dbf7c77716a22406301013474683c08_w48_h48.gif,動圖_022
https://emos.plurk.com/ac91dd63e1ce6a8da9da35bb46336244_w48_h48.gif,動圖_023
https://emos.plurk.com/02bc10b1e487fdcad45e7d4ba82b4376_w48_h48.gif,動圖_024
https://emos.plurk.com/159a4e41ab348cf11071c1fea9000d56_w48_h48.gif,動圖_025
https://emos.plurk.com/37871d5ace5eab383a2f3ea022686647_w48_h48.gif,動圖_026
https://emos.plurk.com/d8e9c28d473298f97b5b4fd34b65f225_w48_h48.gif,動圖_027
https://emos.plurk.com/367167542833f3d970c4e525d975033e_w48_h48.gif,動圖_028
https://emos.plurk.com/e60105182604195d0a3186b0ae7dded7_w48_h48.gif,動圖_029
https://emos.plurk.com/70165879244549681015e025a1259c6b_w48_h48.gif,動圖_030
https://emos.plurk.com/9b32277252dc7f974f753ed94a54b679_w48_h48.gif,動圖_031
https://emos.plurk.com/84982b262235cff9c8ab600242d495a4_w48_h48.gif,動圖_032
https://emos.plurk.com/465dbcd8ee65cb468ab55dd95f49b90a_w48_h48.gif,動圖_033
https://emos.plurk.com/5a4438b837c5863ff78fd8d81867fdcc_w48_h48.gif,動圖_034
https://emos.plurk.com/8145ed0ab9dbacad84dbc23c96d0985b_w48_h48.gif,動圖_035
https://emos.plurk.com/ab411a1c2e53becb7ab2a1776e5e921a_w48_h48.gif,動圖_036
https://emos.plurk.com/1705d8f5973e8011da4e60627f3ff76b_w48_h48.gif,動圖_037
https://emos.plurk.com/d755a636861de20dc15a404d67bceead_w48_h48.gif,動圖_038
https://emos.plurk.com/cbfedfd84f371d5497a1bd32c592accf_w48_h48.gif,動圖_039
https://emos.plurk.com/632115e3e6ee9eee801e70a1f8545184_w48_h48.gif,動圖_040
https://emos.plurk.com/8a55f9c393a31ff41a9aa4a45b342216_w48_h48.gif,動圖_041
https://emos.plurk.com/cc44c769fb4aaf2e37b606df55ecaa19_w48_h48.gif,動圖_042
https://emos.plurk.com/0227ab65d00af9848f94b8bafb643500_w48_h48.gif,動圖_043
https://emos.plurk.com/720696ed0f07ab2fe5e16902438ec1bd_w48_h48.gif,動圖_044
https://emos.plurk.com/5eebb262bb6a71d6d4923400b9a70f09_w48_h48.gif,動圖_045
https://emos.plurk.com/7ed8d36df9a65ac777d528939a98a1b0_w48_h48.gif,動圖_046
https://emos.plurk.com/623451df500ecc38fb67db711d457509_w48_h48.gif,動圖_047
https://emos.plurk.com/f5a3f68b3ff12ea604ce76ba57b98a35_w48_h48.gif,動圖_048
https://emos.plurk.com/056671b352b66ca777224c0f865911e2_w48_h48.gif,動圖_049
https://emos.plurk.com/8e0a5374e93e10e47d324ae8c63e6c32_w48_h48.gif,動圖_050
https://emos.plurk.com/2f8031e38e72da6c360deb90e0750b39_w48_h48.gif,動圖_051
https://emos.plurk.com/3707dc80a6d45eb7c5150ab6453ceaab_w48_h48.gif,動圖_052
https://emos.plurk.com/7b101862aa843ca6b3772cbfc9273395_w48_h48.gif,動圖_053
https://emos.plurk.com/5a7e8478ba7033449a28b507070824ce_w48_h48.gif,動圖_054
https://emos.plurk.com/a5176aa9a9d6f1125fde7ad5d7f4b652_w48_h48.gif,動圖_055
https://emos.plurk.com/e8d3e3e85b9129c0937f1222679fda3f_w48_h48.gif,動圖_056
https://emos.plurk.com/d8b822693dc92cf3195119452dc63ff4_w48_h48.gif,動圖_057
https://emos.plurk.com/72e12283ee25c427b95d48358a0f45ae_w48_h48.gif,動圖_058
https://emos.plurk.com/fa0ad1404fd7704f4c916639289e4f12_w48_h48.gif,動圖_060
https://emos.plurk.com/d58e0d7b52df68be2aba23ed0e15d653_w48_h48.gif,動圖_061
https://emos.plurk.com/cdfa2dcc86535f768744c1c468d421e3_w48_h48.gif,動圖_062
https://emos.plurk.com/6b8570a78918ab580215ca7ce1e9f02b_w48_h48.gif,動圖_063
https://emos.plurk.com/058a82cc04570297cc56a30d7da41a75_w48_h48.gif,動圖_064
https://emos.plurk.com/5a3f995cddcecb19639ac03eb02aed4b_w48_h48.gif,動圖_065
https://emos.plurk.com/2c6e2458548a4737a237b5c749e6fc4f_w48_h48.gif,動圖_066
https://emos.plurk.com/69d4d32f12bf9d966947c4cbdc7cd0ff_w48_h48.gif,動圖_067
https://emos.plurk.com/a9d86f8876ee2c0e797fd84963b007e3_w48_h48.gif,動圖_068
https://emos.plurk.com/f04b52079d41043235243af91c25c816_w48_h48.gif,動圖_069
https://emos.plurk.com/6ca50e67ab8c4f0d43c7c38b400b8a9a_w48_h48.gif,動圖_070
https://emos.plurk.com/4f74c751531a3d50f165ef9769546d3b_w48_h48.gif,動圖_071
https://emos.plurk.com/e9bd65a8fe72698f1977a69275ac296e_w48_h48.gif,動圖_072
https://emos.plurk.com/acda8d83e7b22065c920f38f4a611756_w48_h48.gif,動圖_073
https://emos.plurk.com/73d887cb2876f8f33f217ded441f2a7d_w48_h48.gif,動圖_074
https://emos.plurk.com/7759b49a0139a9a3ca3dd2f6f82ce013_w48_h48.gif,動圖_075
https://emos.plurk.com/150cec500d3b049b23947dd4b4f5dbd2_w48_h48.gif,動圖_077
https://emos.plurk.com/9016bad784ca3efa77cd8a8a1fb203d6_w48_h48.gif,動圖_078
https://emos.plurk.com/4961648cb29248c254d08a48c1a3b82c_w48_h48.gif,動圖_079
https://emos.plurk.com/01cfd905b29983f51e02a8bf513b6874_w48_h48.gif,動圖_080
https://emos.plurk.com/2c0356762d5abc87e970f7189adbfd2a_w48_h48.gif,動圖_081
https://emos.plurk.com/1c58f705b70df53d63927c644f699705_w48_h48.gif,動圖_082
https://emos.plurk.com/dce47f486f18fc1a999db172cf6325ce_w48_h48.gif,動圖_083
https://emos.plurk.com/45effa0829cbd86ac7d8eccdaa6fb331_w48_h48.gif,動圖_084
https://emos.plurk.com/0f18bbcfd061c61181b0e74c8ec5791d_w48_h48.gif,動圖_085
https://emos.plurk.com/408ba63b9ea75c41112cbd2678f79529_w48_h48.gif,動圖_086
https://emos.plurk.com/75b03c7b6681529949bfba69de08339b_w48_h48.gif,動圖_087
https://emos.plurk.com/3d781d35380cefb962ff348ad5caf3c0_w48_h48.gif,動圖_088
https://emos.plurk.com/fd87a12a48b63f520f89e5565b17f11d_w48_h48.gif,動圖_089
https://emos.plurk.com/e758bbd2b170103e3ed454494dd80898_w48_h48.gif,動圖_090
https://emos.plurk.com/2da19d088f1b014242f1f2a4e5da0156_w48_h48.gif,動圖_091
https://emos.plurk.com/9f5e12735a00325bd85b9693c6403c1e_w48_h48.gif,動圖_092
https://emos.plurk.com/242e584a24d25ae51c10bb67f7764394_w48_h48.gif,動圖_093
https://emos.plurk.com/b6521f53a14131586d40d72b35b3bc9f_w47_h13.gif,動態圖_001
https://emos.plurk.com/cfceda1cdbbc6541bf7e0e5a51668c34_w47_h13.gif,動態圖_002
https://emos.plurk.com/9744753f574a2779c7836c180ea024cc_w48_h48.gif,動態圖_003
https://emos.plurk.com/1425a3ad2a6117a0ab69cc167bb7db2b_w48_h48.gif,動態圖_004
https://emos.plurk.com/39aa260fc64094a721412fc7a153f030_w48_h19.gif,動態圖_005
https://emos.plurk.com/136781f6b6edc88508bb0bbb73ac129a_w48_h37.gif,動態圖_006
https://emos.plurk.com/315f870ed1b434d914f211c8e528f8d1_w48_h32.gif,動態圖_007
https://emos.plurk.com/7cb45a5aeb3c0d99588c48e1a1c95acd_w45_h48.gif,動態圖_008
https://emos.plurk.com/b6425616cf326067b8e7babbfd58d29d_w48_h34.gif,動態圖_009
https://emos.plurk.com/64001b53428191d46a8af53385ec7473_w36_h48.gif,動態圖_010
https://emos.plurk.com/a9f92b73440840324b2624a1dfc3685d_w48_h46.gif,動態圖_011
https://emos.plurk.com/25c5ea1cf8885cd4995045ca0411927f_w48_h48.gif,動態圖_012
https://emos.plurk.com/e7426ab01c45eed0bb2a4c633b3d0f83_w48_h48.gif,動態圖_013
https://emos.plurk.com/ac2a3a099c4217d07549c583c882bfb6_w48_h16.gif,動態圖_014
https://emos.plurk.com/98ee070db641a4e235aaa79a18a78aaa_w48_h19.gif,動態圖_015
https://emos.plurk.com/1d00fa845f3ebd9fe3e3ec7f9a083954_w48_h48.gif,動態圖_016
https://emos.plurk.com/45b0ebdaa45124e7f9571071088d834a_w48_h47.gif,動態圖_017
https://emos.plurk.com/3d0afaa36a5979ec6a66b717715f3093_w48_h48.gif,動態圖_018
https://emos.plurk.com/ae745195aa540a7ebcc440af9134d445_w48_h48.gif,動態圖_019
https://emos.plurk.com/e7732940060df8ee1110998413f75d6a_w48_h48.gif,動態圖_020
https://emos.plurk.com/743d9657aaa2f2649dbcb42d2348f846_w48_h48.gif,動態圖_021
https://emos.plurk.com/37e2f391ff4a1064aafd8b8d44a26188_w48_h48.gif,動態圖_022
https://emos.plurk.com/ebb40957a49c41d3218908c333665c5b_w48_h48.gif,動態圖_023
https://emos.plurk.com/9b3f040dcce6c7cf7bb5dcb90b2ba46a_w48_h48.gif,動態圖_024
https://emos.plurk.com/f38483abe77127acf819c387efd3a511_w48_h48.gif,動態圖_025
https://emos.plurk.com/571d24119e912eb009b0a4a0d743760e_w48_h48.gif,動態圖_026
https://emos.plurk.com/0f512f4ce23419f78e53769d7a15eaf0_w48_h32.gif,動態圖_027
https://emos.plurk.com/463a571097904cf5273f124eb47b9443_w48_h48.gif,動態圖_028
https://emos.plurk.com/a6ac50c95158d4f20ebdbe1205f84382_w48_h48.gif,動態圖_029
https://emos.plurk.com/17593f1cf1f55a1a50a07293c6ecd8e3_w48_h48.gif,動態圖_030
https://emos.plurk.com/71cb193d4dc3dcbe976b2d30096b6876_w48_h48.gif,動態圖_031
https://emos.plurk.com/e55ed4e374e5cf35558a491d00b3739a_w48_h48.png,動態圖_032
https://emos.plurk.com/73ea26074f019bb1be5daa9308baba62_w46_h48.gif,動態圖_033
https://emos.plurk.com/aa023496e518e8faf3698c8841b5a910_w47_h48.gif,動態圖_034
https://emos.plurk.com/992a07dd42773b283ceb3d64cc8a2cd7_w48_h48.gif,動態圖_035
https://emos.plurk.com/663efeab0f5b239ea67ad29795b5c603_w48_h48.gif,動態圖_036
https://emos.plurk.com/fbdba2d3d7df049c1a302eab049c6709_w48_h48.gif,動態圖_037
https://emos.plurk.com/7b13822502f9241326b0faba10752efa_w48_h48.gif,動態圖_038
https://emos.plurk.com/299faaf87874aa95241796a33161a702_w48_h48.gif,動態圖_039
https://emos.plurk.com/5c642a5a14a9a7162576c764f3ba2626_w44_h48.gif,動態圖_040
https://emos.plurk.com/740ebd4f0705c4a2d786ecb59ff4338d_w48_h48.gif,動態圖_041
https://emos.plurk.com/52cbbef949801dfe2df5a2dc384a60ce_w48_h48.gif,動態圖_042
https://emos.plurk.com/e37d47460068567c23a95014aa6ec9e1_w48_h48.gif,動態圖_043
https://emos.plurk.com/895eeef248ac3980aa966b7d85c8856b_w48_h48.gif,動態圖_044
https://emos.plurk.com/9cadd5b4996194077802122a16caf6cc_w48_h48.gif,動態圖_045
https://emos.plurk.com/2cd1749c4d76dd760729bf6ccf74a7bd_w45_h45.gif,動態圖_046
https://emos.plurk.com/60435c73742e763bd18d23154220555f_w48_h48.gif,動態圖_047
https://emos.plurk.com/a775cea6cd535de4281ea2f15a3dbfc1_w48_h46.gif,動態圖_048
https://emos.plurk.com/31205e72e57bef6c34c6492215de250b_w48_h48.gif,動態圖_049
https://emos.plurk.com/f67f1a64451c01abfdf5260f532489af_w48_h48.gif,動態圖_050
https://emos.plurk.com/28866cabd8d085fe1e77a268129a89b5_w48_h48.gif,動態圖_51
https://emos.plurk.com/9bfbca70895234d99e103e41cb3d9905_w48_h48.gif,動態圖_52
https://emos.plurk.com/2ff74f3daf5220285d221095c7786fc4_w48_h48.gif,動態圖_53
https://emos.plurk.com/dd1a4efc2b28194db4b81a7f2d7c55cc_w48_h48.gif,動態圖_54
https://emos.plurk.com/5db574875723ae01acfaf3d6cb3eda5b_w48_h48.gif,動態圖_55
https://emos.plurk.com/515cc58d056aa708e004f582d8e0c285_w48_h48.png,動物_001
https://emos.plurk.com/1b2dc8f22828dd644ee3191eab54d471_w48_h48.gif,動物_002
https://emos.plurk.com/98c99aab60f6c010045229bb2659eb95_w48_h48.gif,動物_003
https://emos.plurk.com/146525ccfa81c15db1244667dcc02eee_w47_h46.png,動物_004
https://emos.plurk.com/949029ad7efdf51603c683a8553839ce_w48_h48.jpeg,動物_005
https://emos.plurk.com/bb9f6e3d150e09323a21a5a6320acb2c_w48_h48.jpeg,動物_006
https://emos.plurk.com/37216f55d7719cbcf4f00223a7890978_w48_h48.png,動物_007
https://emos.plurk.com/12bfaf813522f09e629e26c08cdadbc0_w47_h48.png,動物_008
https://emos.plurk.com/6e1dd06e9a24794b238a1d2a3872a572_w47_h48.png,動物_009
https://emos.plurk.com/cec4da50bbb5e2d8d66883615db78384_w48_h48.gif,動物_010
https://emos.plurk.com/6908be76bddfd108e9debbc76a0a76cd_w48_h48.gif,動物_011
https://emos.plurk.com/654cfb05798d48eb343eac0b19344a29_w48_h48.gif,動物_012
https://emos.plurk.com/0696ed5fc0bdbe656cb7cea08a6b4cfc_w48_h48.jpeg,動物_013
https://emos.plurk.com/fd148fc46405d613fc0768520d9b4233_w48_h48.gif,動物_014
https://emos.plurk.com/1703a6090e1691631ea51377123f3bed_w48_h48.gif,動物_015
https://emos.plurk.com/5c3d6d2bfbd465f8584347b82ad89e50_w48_h48.gif,動物_016
https://emos.plurk.com/c3940580738e0d77e723cfcd9d30645d_w48_h48.jpeg,動物_017
https://emos.plurk.com/c724579677a066bb89cd7bd0939cb01b_w48_h46.gif,動物_021
https://emos.plurk.com/38f604282b5d60abf0b0de18be8ce82e_w48_h48.png,動物_022
https://emos.plurk.com/18713b41b88d50be097ed0f21f62ebe0_w48_h48.jpeg,動物_023
https://emos.plurk.com/b1212eb02483d03cab1430649151a756_w48_h48.jpeg,動物_024
https://emos.plurk.com/657aa5571386139eb2c78ed2f20f4a19_w48_h48.jpeg,動物_025
https://emos.plurk.com/ab90d9bd24cd9556472cab40f0f8b36b_w48_h48.jpeg,動物_026
https://emos.plurk.com/34e663cf6181c49b0e916562f154290a_w48_h48.jpeg,動物_027
https://emos.plurk.com/b41a9f5cd699b0ff177bb2e453175826_w48_h48.gif,動物_028
https://emos.plurk.com/e1fb4e66d4d417b97d45a2b73bbbab76_w48_h48.gif,動物_029
https://emos.plurk.com/5644540cc24c8d366bfc20079fc9bf8f_w48_h48.jpeg,動物_030
https://emos.plurk.com/b8765a9c1fba2918736ce32e1fa051ae_w48_h48.png,動物_031
https://emos.plurk.com/48eabb45a7e494f923fe4d9bfce3b2b1_w48_h48.jpeg,動物_032
https://emos.plurk.com/1c8858abb0eb7c9de9cce7da1f6b60c4_w45_h45.gif,動物_033
https://emos.plurk.com/bf599c696f8655563510409900f64716_w48_h48.jpeg,動物_034
https://emos.plurk.com/9c5d1082e8e5c59f177fcd502c053830_w48_h48.jpeg,動物_035
https://emos.plurk.com/b34d163071ce02e911592f3314373249_w48_h48.jpeg,動物_036
https://emos.plurk.com/07650b6b47485940856472645d529c21_w48_h48.jpeg,動物_037
https://emos.plurk.com/ac8944ee879487ca5ce8605a03e15ebd_w48_h48.jpeg,動物_038
https://emos.plurk.com/b4395a0178f4a2c1b0e5cc80ca4db2ae_w48_h48.gif,動物_039
https://emos.plurk.com/ddd4356757ae7d3b8abb1eb186ef11c2_w48_h48.jpeg,動物_040
https://emos.plurk.com/2ae69c0eaed47be95a7c03bbdd307a70_w48_h48.gif,動物_041
https://emos.plurk.com/c089d215765e780266435832491b745e_w48_h48.jpeg,動物_042
https://emos.plurk.com/8d2f402936477a7bb171437d8bbc50b6_w48_h48.jpeg,動物_043
https://emos.plurk.com/c439b346a164a4934e41aff589b5142d_w48_h48.png,動物_044
https://emos.plurk.com/efe16829baa632283890fb9add025fef_w48_h48.png,動物_045
https://emos.plurk.com/8ed7471070d2f61bc8cbd450cd242aea_w48_h48.png,動物_046
https://emos.plurk.com/3e3cdc91a227ea3dc65e7a5fa5949aa1_w48_h48.png,動物_047
https://emos.plurk.com/e07021fc6574b3517521b36ec0b47748_w48_h48.png,動物_048
https://emos.plurk.com/bfeb7c8f0e1e47b10d733c785d2872ae_w48_h48.png,動物_049
https://emos.plurk.com/ac25329b9bbecf3f4557f0f5863c56c3_w48_h48.png,動物_050
https://emos.plurk.com/8385aae92fcee2a89872a1e88725d4de_w48_h48.png,動物_051
https://emos.plurk.com/aa94d8f23de5a6a1c8bb99aa473fe248_w48_h48.jpeg,動物_052
https://emos.plurk.com/afdadddc21ffa8ddac595bb7b28a99e4_w48_h48.jpeg,動物_053
https://emos.plurk.com/9f73bc9417df92f0af1dd373cf453da1_w48_h48.jpeg,動物_054
https://emos.plurk.com/4117da213b9781e331529a1b77e31b20_w48_h48.png,動物_055
https://emos.plurk.com/d87f7af38e66185be943efcd514e92a0_w48_h48.jpeg,動物_056
https://emos.plurk.com/30413ff0ad1f380f06fa2c249d2b359c_w48_h48.jpeg,動物_057
https://emos.plurk.com/338e2ff388be70cb9c4bd14dc1c78006_w48_h48.jpeg,動物_058
https://emos.plurk.com/b959715159f676230ddcd265be9124c3_w48_h48.jpeg,動物_059
https://emos.plurk.com/3bf1588ca7d506fe19f8ec435ca77f5b_w48_h48.jpeg,動物_060
https://emos.plurk.com/7ad7b3fbfc990bbbcccd0d62e8258c6a_w48_h48.jpeg,動物_061
https://emos.plurk.com/c1e193f46ad23be9a14672bb46a35599_w48_h48.jpeg,動物_062
https://emos.plurk.com/703eed701f547a47fa816eabb40ee3c5_w48_h48.jpeg,動物_063
https://emos.plurk.com/f27b92a62c7f586153059b7369708c65_w48_h48.gif,動物_064
https://emos.plurk.com/119510f74f5a69d37b02f4940c0ea4e9_w48_h44.gif,動物_065
https://emos.plurk.com/3248ba3b66fad94ae78fbf93093165ef_w48_h48.gif,動物_066
https://emos.plurk.com/b6464aef0c8d9267a15f36754674dd4c_w48_h48.png,動物_067
https://emos.plurk.com/a1eefb7feb6c4f9e18d6d9ca646fb87a_w48_h48.png,動物_068
https://emos.plurk.com/00f63e8723b42ec5d4f7777d3fde497c_w48_h48.gif,動物_069
https://emos.plurk.com/9e2649a50012672c14e529f03090abc0_w47_h48.png,動物_070
https://emos.plurk.com/d4c70849bedbe2a17309fcf92531d5bc_w48_h48.gif,動物_071
https://emos.plurk.com/ebe2cd09d57d35137b5bf7d8f6eaa417_w48_h48.gif,動物_072
https://emos.plurk.com/9af70c9944ee15566142c8611a8500ef_w48_h48.jpeg,動物_073
https://emos.plurk.com/bf093506bd8585289319f023c013110e_w48_h48.gif,動物_074
https://emos.plurk.com/fb5e32c91e5bf51957f0632733c17d04_w48_h48.png,動物_075
https://emos.plurk.com/c3b1fc886862900802471a4f3569a4e1_w48_h27.jpeg,動物_076
https://emos.plurk.com/9bedddd959dd65bf6d56d0d1dbb7be7c_w48_h48.jpeg,動物_077
https://emos.plurk.com/77781463e972dd10d00c70d5733fb20b_w48_h48.gif,動物_078
https://emos.plurk.com/444922b39e389edb927a92da0830140e_w48_h48.jpeg,動物_079
https://emos.plurk.com/f3ca5bbc9e8f22ffd34d7a566409504e_w48_h48.png,動物_080
https://emos.plurk.com/3b1b1b6c495ba3fed0f07b78ad88e94b_w48_h48.gif,動物_081
https://emos.plurk.com/c0cd42aac9c562aefe4d506f4b51794b_w48_h48.gif,動物_082
https://emos.plurk.com/b4a891c4b37e4167fe237abcb24b2ef8_w48_h48.gif,動物_083
https://emos.plurk.com/4a17170f5b4a42dc6a23c7c2d75dd0e6_w48_h48.gif,動物_084
https://emos.plurk.com/fc2acba6affb1d846500c27b0c8a6b53_w48_h48.gif,動物_085
https://emos.plurk.com/48b3ac8830066246598b87b3ab6a659a_w48_h48.gif,動物_086
https://emos.plurk.com/107500baee58f46a0a3334dd8b9f3e2f_w48_h48.jpeg,動物_087
https://emos.plurk.com/7f0bd63717f21f1a6d39ed7f84571af6_w48_h48.gif,動物_088
https://emos.plurk.com/84032c9908828a8a6498a659ff6d6c19_w48_h39.gif,動物_089
https://emos.plurk.com/483277cb516cc95cac84d025007e5b42_w48_h48.jpeg,動物_090
https://emos.plurk.com/2f7c4546d2ce62cbec058c55de96ce6a_w48_h48.png,動物_091
https://emos.plurk.com/3aaed1fb422428d5959cbf98eedbdc6b_w48_h48.gif,動物_092
https://emos.plurk.com/9c83b3afbd5860e61996f6686ab7f94c_w48_h48.jpeg,動物_093
https://emos.plurk.com/136cf2f2612a627caf865cca097de1dc_w48_h48.jpeg,動物_094
https://emos.plurk.com/c89a2fdc457adfc9c2e62c67e3b1e1d0_w48_h48.png,動物_095
https://emos.plurk.com/65d3e19977199e116a552139b8b6694f_w48_h48.png,動物_096
https://emos.plurk.com/44ca9567647e3efe6db9b6102816bb82_w48_h48.gif,動物_097
https://emos.plurk.com/cdf6382bc517393a8334e07de072cbb1_w48_h48.gif,動物_098
https://emos.plurk.com/97cf4f3b3a21071b9b3df30993c7b300_w48_h48.gif,動物_099
https://emos.plurk.com/29df1e4189297ec65755556950165d7f_w48_h48.jpeg,動物_100
https://emos.plurk.com/f48bde52df42aeb78037c96c04e80213_w48_h48.gif,動物_101
https://emos.plurk.com/13656346543e06399308d87ac7d8a602_w48_h48.gif,動物_102
https://emos.plurk.com/7a88a9cbab008f47b034d6a6354b37a0_w48_h48.gif,動物_103
https://emos.plurk.com/837686e21163e9f9fa477b10da446aca_w48_h48.jpeg,動物_104
https://emos.plurk.com/1790ef03f3e7989f00cd88bf855463db_w48_h48.jpeg,動物_105
https://emos.plurk.com/6fcf3aca01de118549221fc191eb24bb_w47_h47.jpeg,動物_106
https://emos.plurk.com/a16ab23c22eaae32c9127e28584cfaf9_w48_h48.gif,動物_107
https://emos.plurk.com/eb63d3c4afe0edc2103e0b73016d75ab_w48_h48.gif,動物_108
https://emos.plurk.com/7b331565e3f4809ed715010b072042c7_w48_h48.png,動物_109
https://emos.plurk.com/da2ecaca36ee2bf1c0f654c8d0672df9_w48_h48.jpeg,動物_110
https://emos.plurk.com/57a29e0476d8cab6d2183485eb3cc6c8_w48_h48.gif,動物_111
https://emos.plurk.com/b02a1f74e2bbc1ecaaf79158049b756f_w48_h48.gif,動物_112
https://emos.plurk.com/d905c1101f107fa71e55be83d20526ab_w48_h48.gif,動物_113
https://emos.plurk.com/880a57660090f54a3e6e58b58de8760c_w48_h48.gif,動物_114
https://emos.plurk.com/b9918a2218269210834cacc3a3b7abb9_w48_h48.gif,動物_115
https://emos.plurk.com/c20bd3d0fb7f970b9397eaed6454b144_w48_h48.gif,動物_116
https://emos.plurk.com/f5bd126f1c810d4c84086542c770ad41_w48_h48.png,動物_117
https://emos.plurk.com/7302f68ddc5153843d51d4f6208fa38e_w46_h44.gif,動物_118
https://emos.plurk.com/24b575daf66372669521ab70b8350d1c_w48_h48.png,動物_119
https://emos.plurk.com/b402196e7ede11979fbabdf4eef90de6_w48_h48.gif,動物_120
https://emos.plurk.com/1ab542974b45a277cb1d9afe2f32506f_w48_h48.gif,動物_121
https://emos.plurk.com/8ff524a480b3d2e50e3156466202507e_w48_h48.png,動物_122
https://emos.plurk.com/5f379545490877dad0490de59bb576c4_w48_h47.jpeg,動物_123
https://emos.plurk.com/a2401d5bad417d27ed70fafc8be2f72f_w48_h48.jpeg,動物_124
https://emos.plurk.com/8d990018c53843fe30da0d09e9c77fb5_w48_h48.jpeg,動物_125
https://emos.plurk.com/0ee48e8f43771c679aabc4c166a8ef06_w48_h48.gif,動物_126
https://emos.plurk.com/37c53cfc00762bbff2cbbd9fc2abd55e_w48_h48.gif,動物_127
https://emos.plurk.com/9c4226054499bbd240e80a338c24f0c8_w48_h48.png,動物_128
https://emos.plurk.com/eb15a8e93dc20b809272ae54de41997c_w48_h48.jpeg,動物_129
https://emos.plurk.com/e41c948541984d57a34e3ea0297cde7d_w48_h48.jpeg,動物_130
https://emos.plurk.com/7c58d049ceb4bdfdf9ed7445e609330a_w48_h47.gif,動物_131
https://emos.plurk.com/3cd8f017d01cb50b69164a78ed8fc9da_w48_h48.png,動物_132
https://emos.plurk.com/9cc6f7926ef8f25fe5e8d2e392f94640_w45_h45.png,動物_133
https://emos.plurk.com/dbd9839ae3aba624f4904f138abb5b2e_w48_h48.gif,動物_134
https://emos.plurk.com/dec3ee58d75f73b4265be11b437ddb7e_w48_h48.gif,動物_135
https://emos.plurk.com/9149b9d86ddec045d5669ea494565199_w48_h48.png,動物_136
https://emos.plurk.com/0903a931db94d828555e70e43b71be50_w48_h48.jpeg,動物_137
https://emos.plurk.com/d64483fe62e4cdaec69a47e9e9a0e12b_w48_h48.jpeg,動物_138
https://emos.plurk.com/6afdbe244a2f9d0741a1d4b6c28b8609_w48_h48.gif,動物_139
https://emos.plurk.com/c0fe152209c881c4441e56bfa4a4f816_w48_h47.jpeg,動物_140
https://emos.plurk.com/084099a8bf60f40329133faacf5c7ab0_w48_h48.png,動物_141
https://emos.plurk.com/5ffbf48575c3a0d1a10a050699708dc5_w48_h48.png,動物_142
https://emos.plurk.com/fa7f0589f35654501348609a0d043522_w48_h48.png,動物_143
https://emos.plurk.com/ab89417c5c2b1fd955469b4e0b1e8a39_w48_h48.gif,動物_144
https://emos.plurk.com/6dfae1d9ebc66033492de89c298a8c9b_w47_h47.png,動物_145
https://emos.plurk.com/61706a2b74f293a95fcb932e3b6a7f26_w48_h48.jpeg,動物_146
https://emos.plurk.com/8bf26852c973b4db83bde9723b4d491b_w48_h48.png,動物_147
https://emos.plurk.com/e41e1bf5fa211b58dda0dc2358dfd267_w48_h48.gif,動物_148
https://emos.plurk.com/38ff0edb04e5d5b57468e16f774ffdef_w48_h48.jpeg,動畫_022
https://emos.plurk.com/71db92dd714de31c73e7f59ef4fadffd_w48_h48.jpeg,動畫_023
https://emos.plurk.com/0da46260e225fc0bab8a8a67b2b38893_w48_h48.jpeg,動畫_024
https://emos.plurk.com/faf0a955cfd19de5baaa678d2fd20741_w48_h48.jpeg,動畫_025
https://emos.plurk.com/c06c0d82fa212ad3b6008fead86d7638_w48_h48.jpeg,動畫_026
https://emos.plurk.com/6f897a09d0f595aac18b740749fde9cc_w48_h48.jpeg,動畫_027
https://emos.plurk.com/d9ac661e3b1fb1c575e1eeb1dc60d585_w48_h48.jpeg,動畫_028
https://emos.plurk.com/e52e69694d355d557f5213f98a3b5dbe_w48_h48.jpeg,動畫_029
https://emos.plurk.com/dcd1a07e9f04b9928570a7d14c1b90a3_w48_h48.jpeg,動畫_030
https://emos.plurk.com/9a9f7dabe387f6546444cac061f042d7_w48_h48.jpeg,動畫_031
https://emos.plurk.com/c987cc88a6481b3dc69b8eac98e56b31_w48_h48.png,動畫_032
https://emos.plurk.com/1a976ffe79487b07defce1d141032fc3_w48_h48.jpeg,動畫_033
https://emos.plurk.com/daf6b4d133ec74d4f10eb0e3d3138823_w48_h48.jpeg,動畫_034
https://emos.plurk.com/671d8d820041a40b51eb7bba4ee42943_w48_h48.jpeg,動畫_035
https://emos.plurk.com/1b8674b71295fce0455050995da0e736_w48_h48.jpeg,動畫_036
https://emos.plurk.com/4402a4ff739bdd6662e330c3487f9113_w48_h48.jpeg,動畫_037
https://emos.plurk.com/5e49ce0c5451af39ea4d19c2f53f2d1a_w48_h48.jpeg,動畫_038
https://emos.plurk.com/434cd779e23b7ff7c2ed8b43b22bf4c2_w48_h48.jpeg,動畫_039
https://emos.plurk.com/1e24f4bb8fc49702565ccc9ba7c044dd_w48_h48.jpeg,動畫_040
https://emos.plurk.com/2230766f1498e5a840ea5b1e8c47698f_w47_h39.jpeg,動畫_041
https://emos.plurk.com/5bf2fab9022504fb538ec944007e2d4f_w48_h48.jpeg,動畫_042
https://emos.plurk.com/36e4fb261fbe135ef4049d532bfa77be_w48_h48.gif,動畫_043
https://emos.plurk.com/8fe58dcab02d127a3245023c8e1ca975_w45_h45.gif,動畫_044
https://emos.plurk.com/0e5ec7a3926636bde147f46bcef68d9f_w48_h48.jpeg,動畫_045
https://emos.plurk.com/eaadfff2458471d5f207c7e513c731c9_w48_h48.png,動畫_046
https://emos.plurk.com/85d15a38bb8cb282f04d68256698b102_w48_h48.jpeg,動畫_047
https://emos.plurk.com/57067c07db922c332055cda39ed10a60_w48_h48.jpeg,動畫_048
https://emos.plurk.com/7d4ee707feba02e259393a93269fcb53_w48_h48.jpeg,動畫_049
https://emos.plurk.com/03c8d3dc4af82c656733d5334c3d10da_w48_h48.bmp,動畫_050
https://emos.plurk.com/ec2617a1f0f69e626022d94d4438bc81_w48_h48.jpeg,動畫_051
https://emos.plurk.com/6affd493b00ec288dbbe9da3187d32a6_w48_h48.jpeg,動畫_052
https://emos.plurk.com/3142e9b82622478e2f7156bc841aa009_w48_h48.png,動畫_064
https://emos.plurk.com/a681eff3b5bf526a12f54adc891003b4_w47_h47.jpeg,動畫_067
https://emos.plurk.com/b3ecd03b9dcf8516e0cc8eda81a48796_w48_h48.jpeg,動畫_071
https://emos.plurk.com/c611abeb8809958a26ac22ca4f1efc79_w48_h48.jpeg,動畫_072
https://emos.plurk.com/a18250930fbb7adbffdf2e0a8182845e_w48_h48.png,動畫_074
https://emos.plurk.com/2d8e9f06bc478d9a51ff1053d67e1d82_w48_h48.png,動畫_075
https://emos.plurk.com/f9a00a2c5cd97592e5832862df875788_w48_h48.png,動畫_076
https://emos.plurk.com/c1fc34f41884a3f882bd9b208195093d_w48_h43.jpeg,動畫_077
https://emos.plurk.com/11ed359c9d36cecba195093e5cbd9912_w48_h48.png,動畫_078
https://emos.plurk.com/eb7230a64b9d7d7a0f63bc64fde467c4_w48_h48.png,動畫_080
https://emos.plurk.com/7d6d805e285542527f45820cb5cda919_w48_h48.jpeg,動畫_081
https://emos.plurk.com/8bea933c421027cca21180308190e866_w48_h48.jpeg,動畫_082
https://emos.plurk.com/90956b3dad282ff843c2d31dd5f0ab21_w48_h48.jpeg,動畫_083
https://emos.plurk.com/5e1f28c006258f3b53d27ae0f1e90c37_w48_h48.jpeg,動畫_084
https://emos.plurk.com/03f060359a1382dd08a01f2dc241c88f_w48_h48.jpeg,動畫_085
https://emos.plurk.com/64d5016b2f4b26d902fe89edce7ff094_w48_h48.jpeg,動畫_086
https://emos.plurk.com/a11e7922f5b925abd6ddd9a7ff715128_w48_h48.jpeg,動畫_087
https://emos.plurk.com/2326c92984f453aec71d14c808eb3163_w48_h48.jpeg,動畫_089
https://emos.plurk.com/89e10934522b231f2f0e9752dff18a42_w48_h48.gif,動畫_09
https://emos.plurk.com/a1707f588446a105202bc213df01718b_w48_h48.jpeg,動畫_091
https://emos.plurk.com/7bb68512d7663c1dec67ad224fd70b38_w48_h48.jpeg,動畫_093
https://emos.plurk.com/dff5742d2f542dd02843b3b3fec1451d_w48_h48.jpeg,動畫_094
https://emos.plurk.com/e2cddf125d93e651f7dcd0280125b0d0_w48_h48.jpeg,動畫_095
https://emos.plurk.com/b11cecb3ba3588ea471d7a26389ba6b1_w48_h48.jpeg,動畫_096
https://emos.plurk.com/d6b51a644970695cec2eed5600bf5ae9_w48_h48.jpeg,動畫_097
https://emos.plurk.com/f78dc4a3b5e6b9b8f734a33e1cdcb9c2_w48_h48.jpeg,動畫_10
https://emos.plurk.com/d6f98192c87eced53c40863ca81e0815_w48_h48.png,動畫_100
https://emos.plurk.com/4037eb890a8082c81a10fb5cd68ab195_w48_h48.jpeg,動畫_101
https://emos.plurk.com/fb6d06032bd701f11272c2cffba4d717_w48_h48.jpeg,動畫_102
https://emos.plurk.com/1dba55ad6f8fbe7509e85158fdf3e5ce_w48_h48.jpeg,動畫_103
https://emos.plurk.com/3dd6de9b2a4f20d019752c1288a0d4b9_w48_h48.jpeg,動畫_105
https://emos.plurk.com/31aa68959508a4795ee9573694d0ba5a_w48_h48.png,動畫_106
https://emos.plurk.com/e394892541bac63e72a62b14c4b3d625_w48_h48.png,動畫_107
https://emos.plurk.com/77cc17d3860f5346ce46facd6d495859_w48_h48.png,動畫_108
https://emos.plurk.com/b8386789c5ea1057e2bd667a3d5900e0_w48_h48.jpeg,動畫_109
https://emos.plurk.com/e9dd1dcfeda8305382fba19e1f159fe4_w48_h48.jpeg,動畫_110
https://emos.plurk.com/d70e70ab45193f78350a3ff00c296560_w46_h46.png,動畫_111
https://emos.plurk.com/b7da4900155f544ddf82fc146fe05cd8_w48_h48.jpeg,動畫_112
https://emos.plurk.com/6ec559d8d3ace628cf11c49fa4fb63f1_w48_h48.gif,動畫_113
https://emos.plurk.com/0ed27668e4d5ccf4d6da8d7f493483f8_w48_h48.png,動畫_114
https://emos.plurk.com/1f2e6f47cac0340d65fffdd3a233d61c_w48_h48.jpeg,動畫_115
https://emos.plurk.com/261d298229723dce84da8a68f1225394_w48_h48.jpeg,動畫_116
https://emos.plurk.com/85b1eabd146efba8146bca3fcf3a6ef9_w48_h48.jpeg,動畫_117
https://emos.plurk.com/106a8dc25f5bc1e756cbb1b567569688_w48_h48.jpeg,動畫_118
https://emos.plurk.com/8846ed200dd0cf013994925d8f88d54e_w48_h48.jpeg,動畫_119
https://emos.plurk.com/5647ae933f51f9d3e7c0af8921f109bf_w48_h48.jpeg,動畫_120
https://emos.plurk.com/eae76dcd4b8bd58ba701a6e23f62caad_w48_h48.jpeg,動畫_121
https://emos.plurk.com/682aec9b919629d1061e367f45d66b41_w48_h48.jpeg,動畫_122
https://emos.plurk.com/7d61e71f012688ff9f906e12f6f031b7_w48_h48.jpeg,動畫_123
https://emos.plurk.com/9958992a9e1f6601524f534fc586dab6_w48_h48.jpeg,動畫_124
https://emos.plurk.com/45ad73b54c24ba3171754783ef4d0567_w48_h48.png,動畫_125
https://emos.plurk.com/9602a1add13587792cddc020370cda9d_w48_h48.png,動畫_126
https://emos.plurk.com/6c66fcc16c41bd330d4ab54df03d8bf4_w48_h48.jpeg,動畫_127
https://emos.plurk.com/2e15972276593a2751592c058b597921_w48_h48.jpeg,動畫_128
https://emos.plurk.com/1adb9b9d2bae2878f2897e06fd7491af_w48_h48.png,動畫_129
https://emos.plurk.com/5217a3add94b821ba05158ed85c2998c_w48_h48.png,動畫_131
https://emos.plurk.com/23bac35c55e88a9759d1270a929fe608_w48_h48.jpeg,動畫_132
https://emos.plurk.com/286289cee660402bf5df277a95c7944a_w48_h48.png,動畫_133
https://emos.plurk.com/fb0b0fddfdf04b4b74c3c8ee043b0ec0_w48_h48.png,動畫_134
https://emos.plurk.com/922a4ea5799485879c13bc9dfd455289_w48_h48.jpeg,動畫_135
https://emos.plurk.com/69d7b1626c8f5fd9d7a4003f099897cc_w48_h48.jpeg,動畫_136
https://emos.plurk.com/8c13fb347d42a2cfff41b6b7a557072a_w48_h48.jpeg,動畫_137
https://emos.plurk.com/01ec34ad08f3a9b6f909d4fbd6dac79c_w48_h48.gif,動畫_138
https://emos.plurk.com/ccedaff2618b71098023a7be329163c0_w48_h48.png,動畫_139
https://emos.plurk.com/928de8be3d291727865e4ebfac52e0a2_w48_h48.gif,動畫_140
https://emos.plurk.com/4bdca1bc4cac393ba6e72e6e9f85c73c_w48_h48.jpeg,動畫_141
https://emos.plurk.com/5cfb7adc1401b3f123c7b4adcd5cd615_w48_h48.jpeg,動畫_142
https://emos.plurk.com/260089256d60666afa01c30798cb9e7e_w48_h48.png,動畫_143
https://emos.plurk.com/c77facb07563f8a4289f444b477f8058_w48_h48.png,動畫_144
https://emos.plurk.com/1bd960e3f9ac71a70ee106b93c8ccb85_w48_h48.png,動畫_145
https://emos.plurk.com/6904455a5ca092b348e29a4281fe12c2_w48_h48.png,動畫_146
https://emos.plurk.com/084ba9c7dbbb290776058ecde1443efd_w48_h48.jpeg,動畫_147
https://emos.plurk.com/da75266b07caf82c61f8f14669ec3751_w48_h48.jpeg,動畫_150
https://emos.plurk.com/e2e6569a6344da2e80627771d06acc6b_w48_h48.png,動畫_151
https://emos.plurk.com/459c8d3baa3af1f5d361c687f528360e_w48_h48.png,動畫_152
https://emos.plurk.com/40d5930d15b980447b1ab9bd77a84b91_w48_h48.jpeg,動畫_153
https://emos.plurk.com/cafb934d9ca0407f8e2b53bb84c19490_w48_h48.jpeg,動畫_154
https://emos.plurk.com/b7b35faef8ace1f169584f76532de7a1_w48_h41.png,動畫_155
https://emos.plurk.com/363ab648e59118d022d893a51bc9a324_w48_h48.png,動畫_156
https://emos.plurk.com/960170d482b3b07d7cb7cb22ee00369f_w48_h48.jpeg,動畫_157
https://emos.plurk.com/307be5ce54c909f436dc0521b4fcf6a9_w48_h48.png,動畫_158
https://emos.plurk.com/f22d8cb239f4d5e32eebd4af85ab901d_w48_h48.jpeg,動畫_159
https://emos.plurk.com/8ad81f54419bbd7830be00918f01755e_w48_h48.jpeg,動畫_160
https://emos.plurk.com/02fe1b7b3971fcb336ad6cb84db6730b_w48_h48.jpeg,動畫_162
https://emos.plurk.com/1ff65e2fe5a7b0a7113eb3e669da5a2d_w48_h48.jpeg,動畫_163
https://emos.plurk.com/eedaf1fa62cceee2caec10e316c4200f_w48_h48.jpeg,動畫_164
https://emos.plurk.com/b7cb69a9875ed19803280d7ec3e266c3_w48_h48.jpeg,動畫_165
https://emos.plurk.com/f83960dbeecf9a7afcf2cad1d0fc107c_w48_h48.png,動畫_166
https://emos.plurk.com/4d15e884513f5e781121cadab3b91f37_w48_h48.png,動畫_167
https://emos.plurk.com/0bca674ee2341ff1eb52fbad8d1ea40f_w48_h48.jpeg,動畫_168
https://emos.plurk.com/a229db28668f290ea2bb7bc595149ad2_w48_h48.png,動畫_169
https://emos.plurk.com/c54c66a7a58caac1c0d4397984c271e4_w48_h48.jpeg,動畫_170
https://emos.plurk.com/10dc61e31b39275ab269478c4ada7542_w48_h48.png,動畫_171
https://emos.plurk.com/ac8537ec1c3ddc00232d7fcf0c88deed_w48_h48.png,動畫_172
https://emos.plurk.com/b568f62c4e64b2c819c0c4741456e15b_w47_h47.png,動畫_173
https://emos.plurk.com/f44be51e6889749f284691d922fbed9d_w47_h47.png,動畫_174
https://emos.plurk.com/d1177b880fb6d0f1836840f0b599ed04_w48_h48.png,動畫_175
https://emos.plurk.com/dbbc4db7cd10119e6ae33fe0f0616cea_w47_h47.png,動畫_176
https://emos.plurk.com/a4d59779c96e8d712e00af23902c9d9a_w48_h48.jpeg,動畫_177
https://emos.plurk.com/d7a6b7a8633562b31d4c0fd30dd01905_w48_h48.png,動畫_178
https://emos.plurk.com/c8d3402ace799e9862300486f305dc5b_w43_h48.jpeg,動畫_179
https://emos.plurk.com/1c663b55c42ef1c1d44a4df8bcd29cb8_w48_h48.jpeg,動畫_180
https://emos.plurk.com/7895c857acddad3f321d83f850942347_w48_h48.jpeg,動畫_181
https://emos.plurk.com/fbb39a7feb0ddc1647ac56b1d242c81a_w48_h48.jpeg,動畫_182
https://emos.plurk.com/22fe73d24a1345bf69adc31b5a80e3c9_w48_h48.gif,動畫_183
https://emos.plurk.com/5b2337f2020e7f96e2787d667eadfdad_w48_h48.jpeg,動畫_184
https://emos.plurk.com/3ec37ae49b8ebcd19bb5b49b41ca6e74_w48_h48.jpeg,動畫_185
https://emos.plurk.com/a9514e837d78283ad9a4eba237934997_w48_h48.png,動畫_186
https://emos.plurk.com/ae084225a2c7b9abe6fa36995de80a25_w48_h48.jpeg,動畫_187
https://emos.plurk.com/ed428cd8a743369936da59bea32d2572_w48_h48.png,動畫_188
https://emos.plurk.com/6049ab0fa81a85c12087129729e8f9c0_w48_h48.png,動畫_189
https://emos.plurk.com/f6e6e64f51949f7810f1fad1e8627eea_w48_h48.png,動畫_190
https://emos.plurk.com/0a1f4dfd4e14b86072f86ce46483e4f4_w48_h48.png,動畫_191
https://emos.plurk.com/5b85ea210bb821a530dc979de0cd3cb5_w48_h48.png,動畫_192
https://emos.plurk.com/5d22d95b4c34f7da2fd18dcb9ffd596a_w48_h48.png,動畫_193
https://emos.plurk.com/a45185c0078c6ef0bc66831faf6994f6_w48_h48.png,動畫_194
https://emos.plurk.com/2a1b1fe4b09331f387e14bc18f72fa3b_w48_h48.png,動畫_195
https://emos.plurk.com/1b821d50be737c6d65cb6d8d921535b8_w48_h48.png,動畫_196
https://emos.plurk.com/3b80b545691d80cb773d618e7ea64838_w48_h48.png,動畫_197
https://emos.plurk.com/ca1af5a150ba1c1265dc80bd0be27b69_w48_h48.png,動畫_198
https://emos.plurk.com/88c8cb7b254db31102671bcf779845bb_w48_h48.png,動畫_199
https://emos.plurk.com/95b2377e5d4f4d2ffb6452f265a4deec_w48_h48.png,動畫_201
https://emos.plurk.com/27b93700bb3e3ce4d7e76c94400cde45_w48_h48.png,動畫_202
https://emos.plurk.com/2594c8460509971e17d00f1ebbef0e19_w48_h48.png,動畫_203
https://emos.plurk.com/74e0006e763755c67bfc5b1a7f2bb764_w48_h48.png,動畫_204
https://emos.plurk.com/0d42bd82d30ec74cb6d58144cdcf2f23_w48_h48.png,動畫_205
https://emos.plurk.com/b696ee0f367088e159f3140e9d8083aa_w48_h48.png,動畫_206
https://emos.plurk.com/afe3fada07a4f300c2fdef09b6873db5_w48_h48.gif,動畫_207
https://emos.plurk.com/bb9bd2eac718b7b3561237b65cba36ff_w48_h48.jpeg,動畫_208
https://emos.plurk.com/6378f0e2f495792e944dc4e9ad804bce_w48_h48.jpeg,動畫_209
https://emos.plurk.com/a7fa12e26d208aff3ad86e92da3169c5_w48_h48.png,動畫_210
https://emos.plurk.com/914e57b7922a8555d86bea8833020c8f_w48_h48.jpeg,動畫_211
https://emos.plurk.com/642da1f572aa6d8ccd432ad487a845ae_w48_h48.png,動畫_212
https://emos.plurk.com/6a677c62ffd273587d3a8236d9b25ee9_w48_h48.jpeg,動畫_213
https://emos.plurk.com/9844084895bac0e93e72f6c9c874a73e_w48_h48.png,動畫_214
https://emos.plurk.com/2c7e7aaf20e4f69d274ef100c04a3463_w48_h48.png,動畫_215
https://emos.plurk.com/2c86b415232905289912ef81c4f8260a_w48_h48.png,動畫_216
https://emos.plurk.com/60dcea6d88c135d74736419af7ca4c9a_w48_h48.jpeg,動畫_217
https://emos.plurk.com/cf8a092db8949d5f6212c8fbb274144b_w48_h48.png,動畫_218
https://emos.plurk.com/4b548a68a469b7d6393b0bd50c26e3ed_w48_h44.png,動畫_219
https://emos.plurk.com/0220ded02f78be481bb406aa333c0e18_w48_h48.png,動畫_220
https://emos.plurk.com/a2862d6f960ffbcfdd87ac2b4fdff1fc_w48_h48.png,動畫_221
https://emos.plurk.com/5c77723e106ae28e32865cc060278de8_w48_h48.png,動畫_222
https://emos.plurk.com/a89f8b84662a7618e09c151336d1acb2_w48_h48.gif,動畫_223
https://emos.plurk.com/a1fd63c00ca4a550d5129a433d5330d4_w48_h48.jpeg,動畫_224
https://emos.plurk.com/1e83ec601a748cead0ca4cc1aeab8b1d_w48_h41.jpeg,動畫_225
https://emos.plurk.com/8a4b66e31938e021e102eb35add50cfb_w48_h48.png,動畫_226
https://emos.plurk.com/25251efc7b05ba337e25294a5a690e92_w48_h46.jpeg,動畫_227
https://emos.plurk.com/a5708393dd2c614395a8c2b6efa79711_w48_h39.jpeg,動畫_228
https://emos.plurk.com/549a0c21ee683dcfedb2162ad5380078_w48_h47.jpeg,動畫_229
https://emos.plurk.com/60b61f653ba831154ac97566588a31d1_w48_h41.jpeg,動畫_230
https://emos.plurk.com/0f8f56bd7f38e43714caffde3cb11213_w48_h48.png,動畫_231
https://emos.plurk.com/e4e9f9fd31ca0bb0594ef85f71077fd5_w48_h48.png,動畫_232
https://emos.plurk.com/97675e9013cf55d6e6c5ccda32cd9d0e_w48_h48.jpeg,動畫_233
https://emos.plurk.com/b7bce25f662427f572284f1b1eb7b353_w48_h48.jpeg,動畫_234
https://emos.plurk.com/b1801356b7337b50b725b91b657273f5_w48_h48.jpeg,動畫_235
https://emos.plurk.com/e285ef08d171c47c75ef6221ecb714dc_w48_h41.jpeg,動畫_236
https://emos.plurk.com/7124adcc9ee1a1c80e79577e52270ffc_w48_h48.png,動畫_237
https://emos.plurk.com/5e74f4b2574798739ff61e4b6cac09ea_w48_h30.png,動畫_238
https://emos.plurk.com/61351952cddae363773ece70d16ecaaa_w48_h48.png,動畫_239
https://emos.plurk.com/8cef5a1dde1b2aa7f182f283da0b8c1b_w48_h48.png,動畫_240
https://emos.plurk.com/4ff1b079003eb0326db224f3c7e128e6_w48_h48.jpeg,動畫_241
https://emos.plurk.com/462c6b56cb67c6716942eb23312264cf_w48_h48.png,動畫_242
https://emos.plurk.com/3f28c3cc66e48a0935b776c162eec39a_w48_h48.png,動畫_243
https://emos.plurk.com/aabe2282432cba5b3d21843ef0b65be4_w48_h48.jpeg,動畫_244
https://emos.plurk.com/241614928750f6811012508451757406_w48_h48.jpeg,動畫_245
https://emos.plurk.com/1c6f156e6c035f5d4af93518819ae2df_w48_h48.jpeg,動畫_246
https://emos.plurk.com/f2664ea2f524ab65f4fdfc98717954b8_w48_h48.jpeg,動畫_247
https://emos.plurk.com/e24cdb0c964d50a33b4f2fe6b9fc2648_w48_h47.jpeg,動畫_248
https://emos.plurk.com/60a2962d09d00d46eba2656fb4e12bd8_w48_h48.png,動畫_249
https://emos.plurk.com/87e093f5b5dab6b9b570df673e10ecfa_w48_h48.gif,動畫_250
https://emos.plurk.com/c9a1d90f4a0cfd153c72cc9118ca8b73_w48_h48.png,動畫_251
https://emos.plurk.com/bc557c860af517fff8a5ea8f03ea5701_w48_h48.jpeg,動畫_252
https://emos.plurk.com/0deb6f77f9667af4d0c89ea3e7f1cb80_w48_h48.png,動畫_253
https://emos.plurk.com/2446c12316d329a375b90bdab5e8a479_w48_h48.png,動畫_254
https://emos.plurk.com/9654439175e0bd9962c849b7b8545fc7_w48_h48.jpeg,動畫_255
https://emos.plurk.com/7ec48326cde016956ac2c936eff01e77_w48_h48.png,動畫_256
https://emos.plurk.com/c82fa02fd82bd78709e7cbdb09d456d7_w48_h48.jpeg,動畫_257
https://emos.plurk.com/528548ddfc8ac6a07cf04b0c65de0ab7_w48_h48.jpeg,動畫_258
https://emos.plurk.com/a29935381d8eccf5a46d1d50c56078f1_w48_h48.png,動畫_259
https://emos.plurk.com/9f6767cebc8f42ec68fb5c810786a70d_w48_h48.png,動畫_260
https://emos.plurk.com/c40376e9fb98b7b2ef2a8990e263dab6_w48_h48.jpeg,動畫_261
https://emos.plurk.com/1637cd2d4dfd369c4dffcde840b0dac0_w48_h48.gif,哲學_001
https://emos.plurk.com/3dacc1097ef7df776c852f3e5d54d091_w46_h47.gif,哲學_002
https://emos.plurk.com/b81bb5c310d147a14812367a970817b6_w48_h48.gif,哲學_003
https://emos.plurk.com/1ed26f48fc5c296af447f6fc072a354a_w48_h48.gif,哲學_004
https://emos.plurk.com/e28471edb8126ffc6da5e924a7fc85c2_w48_h48.gif,哲學_005
https://emos.plurk.com/b040aef45381517058c8fe6dac49b9f6_w48_h48.gif,哲學_006
https://emos.plurk.com/5e848946e95fc3d6fd871a5ed1ad10c0_w47_h47.gif,哲學_007
https://emos.plurk.com/a43167be61f1be56148c7440df982ca8_w48_h48.gif,哲學_008
https://emos.plurk.com/d0ad96a6f82bf492fc6f85fd3addfa1b_w48_h48.gif,哲學_009
https://emos.plurk.com/fc1929b98b8cf1953976111b9ae111bf_w48_h48.gif,哲學_010
https://emos.plurk.com/89a6579b4a439df217c412156daeb719_w48_h48.gif,哲學_011
https://emos.plurk.com/d295cc2347a3812083495719ba87f3a4_w48_h48.gif,哲學_012
https://emos.plurk.com/01e58570d4b7b5b02061fc0209cf58da_w48_h48.gif,哲學_014
https://emos.plurk.com/fec325ce3736dfa5cecae73660d27a20_w48_h48.jpeg,哲學_015
https://emos.plurk.com/cbf8ad1d73863589a138c9da2f33a72e_w48_h48.gif,哲學_016
https://emos.plurk.com/94b031e784331770f793ccfcddddf56e_w48_h48.gif,哲學_017
https://emos.plurk.com/9592a263bf1501f30dbb2dfc4ee28f46_w48_h48.gif,哲學_018
https://emos.plurk.com/717bfee343f730e2e5968e35c11b04e3_w48_h48.gif,哲學_019
https://emos.plurk.com/5a0025ef80919d484ef00a90a6a66296_w48_h48.gif,哲學_020
https://emos.plurk.com/e1d785906380e90709468a7ec5b0d8ba_w48_h48.gif,哲學_021
https://emos.plurk.com/904d15b81e223a563ed169c821d09fe3_w48_h48.jpeg,哲學_022
https://emos.plurk.com/dbaf19e2af6e0602d9c4512721246c1f_w48_h48.gif,哲學_023
https://emos.plurk.com/10e2f071e3b7b80eca0908aa07891c3b_w48_h48.jpeg,哲學_024
https://emos.plurk.com/dbe3ae2b047ca95a776441d5ef53243a_w48_h48.gif,哲學_025
https://emos.plurk.com/7bdcd0ad6787ae33e61436ae7f507c81_w48_h48.jpeg,新堂_000
https://emos.plurk.com/eb41ae5b5f2b9acc970f52c67cdfe05d_w48_h48.jpeg,新堂_001
https://emos.plurk.com/79cb5827429c4c472fe318b90b258f84_w48_h48.gif,新堂_002
https://emos.plurk.com/77e0d8793500dffbc57c213deb9812ad_w48_h48.png,新堂_003
https://emos.plurk.com/8d1908207729af2a9a0bafac9f12c52f_w48_h48.gif,新堂_004
https://emos.plurk.com/1d85658ddd668f8f75f713653f2511ff_w48_h44.gif,新堂_005
https://emos.plurk.com/d5bb6c1ad1aa9d79d796e683e43d69fc_w48_h48.gif,新堂_006
https://emos.plurk.com/dde2bbc4b415cac8442c07963bda05ac_w48_h48.gif,新堂_007
https://emos.plurk.com/28ed1b1dd4d9cc82e8a639dff2d83c21_w48_h41.gif,新堂_008
https://emos.plurk.com/8af4d61d2455062a481f158c702b58c3_w48_h48.jpeg,新堂_009
https://emos.plurk.com/836dd11620d793c5dcd7bd47726ea65e_w48_h48.gif,新堂_010
https://emos.plurk.com/8f9b8567d5de49f0120d4508af4a37a0_w48_h48.gif,新堂_011
https://emos.plurk.com/7d1254659e7f8c2de45edc7ea00f9748_w48_h48.gif,新堂_012
https://emos.plurk.com/6488982738222927f999ac7372ae9616_w48_h48.gif,新堂_013
https://emos.plurk.com/c27844fd6feba874eb8ff3c3992586be_w48_h48.gif,新堂_014
https://emos.plurk.com/8a64781ffad6d491a291a6545ee15ff4_w48_h39.gif,新堂_015
https://emos.plurk.com/d307541dbe8913a7feddad1f505412dd_w48_h48.gif,新堂_016
https://emos.plurk.com/0fbe9f9cd3794241e8e7c336eca721ac_w48_h48.gif,新堂_017
https://emos.plurk.com/a6e88422a1cd40b78f285fede2f3f550_w48_h48.gif,新堂_018
https://emos.plurk.com/995e7d919b2f753d871636717d393ee3_w48_h48.gif,新堂_019
https://emos.plurk.com/1f39e16b71cc2cc0a2568cf18b0cb876_w42_h48.png,新堂_020
https://emos.plurk.com/073dc526e75331e6be16867bd7826655_w48_h46.png,新堂_021
https://emos.plurk.com/a0b7c4d077054506a93a1f5ae68757d1_w48_h48.jpeg,方吉_01
https://emos.plurk.com/acd9828f77d08e55a9da3492fc60b884_w23_h35.gif,方吉_02
https://emos.plurk.com/36a4cac9e738c735841ab6870e07abfe_w48_h48.gif,方吉_03
https://emos.plurk.com/ae9cb14152e613292244e03762cb3a96_w48_h48.gif,方吉_04
https://emos.plurk.com/f60a11ff413dd946d662e8e4f9b75d34_w48_h48.png,方吉_05
https://emos.plurk.com/43fd267e0f59c03afe9be723d4ecce18_w34_h48.png,方吉_06
https://emos.plurk.com/213d1466487be4506f55f7fe4ece07ae_w48_h48.jpeg,方吉_07
https://emos.plurk.com/9b085f1ec2c7312650328606c7efb5c5_w48_h48.jpeg,方吉_08
https://emos.plurk.com/afdd4f4dacacf784c75c70c0bf2e315c_w48_h48.png,方吉_09
https://emos.plurk.com/720c350317156ac8926d3d746a6b6727_w48_h48.gif,方吉_10
https://emos.plurk.com/6021844093e5a00ec1c55a5771b44b9f_w48_h48.jpeg,方吉_11
https://emos.plurk.com/b9905e1ec1f160474ea4052bdbafa66f_w48_h33.jpeg,方吉_12
https://emos.plurk.com/7355adcf37b40da8bf9c13302a7f9a4b_w48_h47.jpeg,方吉_13
https://emos.plurk.com/45aa0384ce7c40f16ed74d24a619f556_w48_h48.jpeg,方吉_14
https://emos.plurk.com/d7f331baa3a4002c770647b7853d6260_w48_h48.jpeg,方吉_15
https://emos.plurk.com/a0059e5b8ce4d6ad98855e7e4b56a5e9_w48_h48.jpeg,方吉_16
https://emos.plurk.com/1566b92be5c4bc31cede86fe45dff6a7_w47_h46.png,方吉_17
https://emos.plurk.com/5013d8ab93894d06858a214d4fe428d6_w48_h48.jpeg,方吉_18
https://emos.plurk.com/d145e68f5c501d6dcc2612270003ccfb_w37_h48.png,方吉_19
https://emos.plurk.com/5bf234db451e3ee9fd7361aadf969e43_w48_h48.png,方吉_20
https://emos.plurk.com/bbe5d9a04e441741db37a31074efdcf0_w48_h17.png,標題_001
https://emos.plurk.com/791093c7f66a0f97a9a804c98c588aab_w46_h17.gif,標題_002
https://emos.plurk.com/e928a542a2ea7fe8803f95515c435d70_w47_h19.png,標題_003
https://emos.plurk.com/79269cb907d5e8f5a2737586c2693389_w44_h17.gif,標題_004
https://emos.plurk.com/540efa6e3af0c14492dcc9cdf6e42cb1_w48_h17.png,標題_005
https://emos.plurk.com/214068f8e650fd17767f5903054f8af9_w48_h18.png,標題_006
https://emos.plurk.com/2bcdc5cd23a98a6788762e868cabd704_w48_h17.png,標題_007
https://emos.plurk.com/44a8a4702f75b95d6958c9abba62bae7_w48_h17.png,標題_009
https://emos.plurk.com/aa4dde512d65054e3ec721209c277eed_w48_h17.png,標題_010
https://emos.plurk.com/f974973e8dee81c681d315b4e89c6a94_w48_h17.png,標題_012
https://emos.plurk.com/b18e6277f5b66af28e8d43763c8421c6_w48_h17.png,標題_013
https://emos.plurk.com/4848044190bf26a0716f08c730084b71_w48_h21.gif,標題_014
https://emos.plurk.com/656751935ede95c1d94df448d7a62cf8_w48_h18.png,標題_017
https://emos.plurk.com/097ca2b32b0df542e7e1e6014e383bac_w40_h29.png,標題_018
https://emos.plurk.com/d7112e2ed1eee1e9fa010957756ee9e9_w48_h48.png,標題_019
https://emos.plurk.com/c596c1be0e4b15c2785983964e690528_w48_h40.png,標題_020
https://emos.plurk.com/1c967b47f54e9aef6efe6fe034502518_w48_h48.png,標題_021
https://emos.plurk.com/6b9d0b842d2d8296a6cbf3e72e74ca6a_w35_h21.png,標題_022
https://emos.plurk.com/656499152807927b36316f6a29c57824_w48_h20.png,標題_024
https://emos.plurk.com/711fee4872ac57d7f01b445c8ac3a445_w48_h48.jpeg,標題_025
https://emos.plurk.com/0aa9ec7e604329e126aff2990007a59c_w47_h48.jpeg,標題_026
https://emos.plurk.com/103bde753fec05e8fb5deb901025186e_w48_h48.png,淫夢_001
https://emos.plurk.com/81695c4f28642b3ee568b4a02ba332b7_w48_h48.gif,淫夢_002
https://emos.plurk.com/4fbec453a2f52f06839398a4977e8c84_w48_h48.jpeg,淫夢_003
https://emos.plurk.com/79ccdf45ce7c29861e831f614335f9ce_w48_h48.gif,淫夢_004
https://emos.plurk.com/1e366b6e7edefaa440f566da6e0c239f_w48_h48.gif,淫夢_005
https://emos.plurk.com/148843c9ff313de0ece6dd2828489981_w48_h48.gif,淫夢_006
https://emos.plurk.com/050c4108756bac8409fa45356ec587f6_w48_h48.gif,淫夢_007
https://emos.plurk.com/ab7bdc054e7c02fd2f5edbd9c9cd5c17_w48_h48.jpeg,淫夢_008
https://emos.plurk.com/f830cdb192c4654c19fcc98123f7abae_w48_h48.gif,淫夢_009
https://emos.plurk.com/84788abea4441978d796e1489eef71ab_w48_h48.gif,淫夢_010
https://emos.plurk.com/28a24b7a11dc6e24302d32e56e42806c_w48_h48.jpeg,淫夢_011
https://emos.plurk.com/63ecc17e1c2eab836fd39e80295703e7_w48_h48.png,淫夢_012
https://emos.plurk.com/2d5e1f4e17d7a2a31277fa5be2163b65_w48_h48.gif,淫夢_013
https://emos.plurk.com/6dd534ba66fad27d5fd3a552ebdb290f_w48_h48.gif,淫夢_014
https://emos.plurk.com/6b90653c0b3ca2c241e4ac637b826c9d_w39_h48.png,真人_001
https://emos.plurk.com/3c89d71fd05a3fbae4dd19ccff685622_w46_h48.png,真人_002
https://emos.plurk.com/845e933f98327027a3e80d8d39812d45_w48_h48.png,真人_003
https://emos.plurk.com/d9991fe110b9b8beefdcf0dfcd45b0a5_w48_h48.jpeg,真人_004
https://emos.plurk.com/682e412d51bba7e89393492f6cf7fd35_w48_h48.jpeg,真人_005
https://emos.plurk.com/6006e39f4014bce648956fb1412fa320_w48_h48.png,真人_006
https://emos.plurk.com/63cc433702097912a26be2ace394546f_w48_h48.jpeg,真人_007
https://emos.plurk.com/6110af2d21f55747cd4122846dc691b2_w48_h48.gif,真人_008
https://emos.plurk.com/c54316931d8159b4658bc8f55e9b8f76_w48_h48.jpeg,真人_009
https://emos.plurk.com/6cc23fcfb00b2ffbc95c3e599fcb1b52_w48_h48.jpeg,真人_010
https://emos.plurk.com/a21bab75899568c7946bd3274abf12a4_w48_h48.jpeg,真人_011
https://emos.plurk.com/2a8e202aab8eff2945b2d5372b5126ba_w48_h48.gif,真人_012
https://emos.plurk.com/3774734a695d8ed1f89b8f60db85b53e_w48_h48.jpeg,真人_013
https://emos.plurk.com/9ff0c682fe1a4f8ea7a14cb9939f898e_w48_h48.png,真人_014
https://emos.plurk.com/558893910d0f6c95403cdac9242aa3b3_w48_h48.gif,真人_015
https://emos.plurk.com/46488dcda183093326796fde6949756d_w48_h48.png,真人_016
https://emos.plurk.com/8eb6afd89c789daec8c8c290ac6b32fa_w48_h48.png,真人_017
https://emos.plurk.com/f254b961ecfb9ea74e5278c7fc906c9a_w48_h48.png,真人_018
https://emos.plurk.com/5c46072678100efd7fa841bd7f2075ad_w48_h44.jpeg,真人_019
https://emos.plurk.com/f9ce7b56b246458a69d812277108a6ea_w48_h48.png,真人_020
https://emos.plurk.com/70ffc0ffeeea6ea6aee7573ca9bf9918_w48_h48.jpeg,真人_21
https://emos.plurk.com/79de140acdda672e489b9d70bea28661_w48_h42.jpeg,素材_001
https://emos.plurk.com/a67d1864cc5e532e359e69421fc994a7_w48_h48.png,素材_002
https://emos.plurk.com/8c04f6d813a6e875b6eb8fff7dc5173a_w40_h40.png,素材_003
https://emos.plurk.com/cd9e440e9c7b6431080955a60a1b5c14_w48_h48.png,素材_004
https://emos.plurk.com/75b3f5f63c0f44cdb963a29cd4bb6890_w48_h48.jpeg,素材_005
https://emos.plurk.com/7d1daa97eff0c2f856731d898001ca95_w45_h45.jpeg,素材_006
https://emos.plurk.com/7678cd47238e599b07f6fb1182822c11_w48_h48.jpeg,素材_007
https://emos.plurk.com/db9f6491bc298e4debd7438436678d1a_w48_h48.jpeg,素材_008
https://emos.plurk.com/d57355ade9dc3a1ddb2a92724c36b11d_w48_h48.png,素材_009
https://emos.plurk.com/cf833a9514c375fbc1a31ac7ec3fe368_w44_h47.gif,素材_010
https://emos.plurk.com/fc4e369062458dab62687666f849edd1_w48_h48.gif,素材_011
https://emos.plurk.com/56f142bcaabedca68fa232e075748fdb_w48_h48.png,素材_012
https://emos.plurk.com/9a104c65d41e5147bdca302b3a049d76_w47_h47.jpeg,素材_013
https://emos.plurk.com/9c91d563e354a182508001c02a6584f6_w48_h48.jpeg,素材_014
https://emos.plurk.com/5bb34a4f8f4b9f91e93620cd6f494e38_w47_h47.jpeg,素材_015
https://emos.plurk.com/3a8902de42ae4471c9d6cccc43a69cb0_w48_h48.jpeg,素材_016
https://emos.plurk.com/aabf4d3a79fb9bfb06675825385a2e34_w43_h48.jpeg,素材_017
https://emos.plurk.com/eb67992224a32d1da23c1c480df47336_w48_h30.png,素材_018
https://emos.plurk.com/dbe7a5890d91209ef9272c88354c229e_w48_h28.jpeg,素材_019
https://emos.plurk.com/4a9e14c9109b557ed91c8b6d2a523209_w48_h30.jpeg,素材_020
https://emos.plurk.com/b629b538e0c9bde5259df8281a765b67_w48_h46.png,素材_021
https://emos.plurk.com/0aba52cdd25ed142185a80a48862e357_w48_h48.jpeg,素材_022
https://emos.plurk.com/b4375c136c66526999f7bb79f83e4f5b_w48_h40.png,素材_023
https://emos.plurk.com/362c4b0af818ffc248f52ff95c47cd46_w48_h48.jpeg,素材_024
https://emos.plurk.com/f30edc263403da4a94044d7bc75a67f2_w48_h48.png,素材_025
https://emos.plurk.com/023f0680f4ec855478394cb03e90ff49_w48_h48.png,素材_026
https://emos.plurk.com/bf066ba51dee61bfbc991a21c3b4db97_w48_h48.jpeg,素材_027
https://emos.plurk.com/e8dd1170e3498e78f2e78bae04e1d640_w48_h48.bmp,素材_028
https://emos.plurk.com/928eef1873ba276d3dd0ade64985a10b_w48_h48.bmp,素材_029
https://emos.plurk.com/b3e244fe4f32357d88f3cfc41499ba92_w48_h40.jpeg,素材_030
https://emos.plurk.com/fb0826f1d0d21cfa409b88b28a723ba2_w48_h48.png,素材_031
https://emos.plurk.com/2e2bf897029162dd615a1b79bd21eacb_w48_h47.jpeg,素材_032
https://emos.plurk.com/f1e70403334a591c50526b1c033c1a68_w46_h48.png,素材_033
https://emos.plurk.com/0016f89a494570f1e891a60a61788c98_w46_h48.jpeg,素材_034
https://emos.plurk.com/69b6a75656dbd989fc431556f3abcd5b_w48_h48.png,素材_035
https://emos.plurk.com/59f5be5fedce98f3e8c075810b537003_w45_h45.jpeg,素材_036
https://emos.plurk.com/f9e72e855f5ef7194e912d20e6a30d2b_w48_h48.jpeg,素材_037
https://emos.plurk.com/d95102f5d5f703030f316e32b65bc620_w48_h48.jpeg,素材_038
https://emos.plurk.com/05368223e91e5fa439b6ff2471612106_w48_h48.jpeg,素材_039
https://emos.plurk.com/7af2e2ac956a1c5a8b17c432230657b4_w48_h48.jpeg,素材_040
https://emos.plurk.com/564b52f62ac8169d51ea94cc67283aaa_w41_h47.png,素材_041
https://emos.plurk.com/9af10c428fa2d25f1731320a97713238_w48_h48.jpeg,素材_042
https://emos.plurk.com/679908b070d00e52f98690849189299e_w37_h43.bmp,素材_043
https://emos.plurk.com/1a67d468042c829aded190cd05f53c44_w48_h48.png,素材_044
https://emos.plurk.com/ea7588b1f8223c6461eeea31f7bf1694_w42_h48.jpeg,素材_045
https://emos.plurk.com/6d1a13bc6e061d4e86727d01cfafb2a7_w46_h48.jpeg,素材_046
https://emos.plurk.com/f0fd7d146b0fb11e64f20d7b8c064681_w48_h23.jpeg,素材_047
https://emos.plurk.com/74754d506af83089b9b31cb38214f9de_w30_h19.png,素材_048
https://emos.plurk.com/6d67bcb957db5b006c024b5efd2ef453_w42_h15.jpeg,素材_049
https://emos.plurk.com/b7df744adf1ff972794cce14f5fb9866_w48_h48.jpeg,素材_050
https://emos.plurk.com/6f30e6e43c49ee396fe1d1e858272aea_w48_h48.jpeg,素材_051
https://emos.plurk.com/dd2a4d682b8377f83bd1a97a9217d934_w48_h36.png,素材_052
https://emos.plurk.com/d3f7911e0e089a18ba239d34c44bd377_w48_h48.png,素材_053
https://emos.plurk.com/7e03180311bcb32dea6529369ea585f2_w48_h48.gif,素材_054
https://emos.plurk.com/9e7724a47434272781201d639e8007cc_w48_h48.jpeg,素材_055
https://emos.plurk.com/8c63e4746cbf758a321ff2eb723d043f_w48_h28.jpeg,素材_056
https://emos.plurk.com/e3eee6ad17619ffcb29fda5a3a5b7cdb_w48_h48.jpeg,素材_057
https://emos.plurk.com/a3e7bd7765eb9483eb601cf5cd324d81_w48_h48.jpeg,素材_058
https://emos.plurk.com/811d179bb39be3cb4a2ef1372b145783_w48_h48.jpeg,素材_059
https://emos.plurk.com/2dcc7e47127066e687c9c54fdccf7872_w48_h45.png,素材_060
https://emos.plurk.com/7e75c78b2fca97a27a05366372a0f01e_w48_h48.jpeg,素材_061
https://emos.plurk.com/c1f470ca31dec861b356159cc8efb7bd_w48_h48.jpeg,素材_062
https://emos.plurk.com/70071e096023b660833672b27e7a2930_w48_h48.png,素材_063
https://emos.plurk.com/5df536e19d5c35368a0f32aad052b12a_w48_h48.png,素材_064
https://emos.plurk.com/c34cf7afb936cb5e16069ca4494416a3_w47_h47.jpeg,素材_065
https://emos.plurk.com/c4575370064a29370ea8ef3cb588dc75_w48_h48.jpeg,素材_066
https://emos.plurk.com/e461e61749807531534c88bb137b5661_w48_h48.jpeg,素材_067
https://emos.plurk.com/fd2cdde83b427c4158a7274f3cad39cc_w48_h48.jpeg,素材_068
https://emos.plurk.com/6faff73cead2ce72720d02ad43d88464_w48_h43.jpeg,素材_069
https://emos.plurk.com/6d694a083ff61380aab2cb525d1484c2_w48_h48.jpeg,素材_070
https://emos.plurk.com/82dfecc60ad2762bf19e631d79c4b086_w48_h48.jpeg,素材_071
https://emos.plurk.com/b6573359529f665d06af1daeb04ce839_w48_h43.jpeg,素材_072
https://emos.plurk.com/a4e4e8145d502faa209ffe1d5795dd22_w48_h48.jpeg,素材_073
https://emos.plurk.com/09842403949608105d3adbdfcda1c11f_w48_h48.png,素材_074
https://emos.plurk.com/8fca40b660d32d690b8d87b118eef3d8_w36_h48.jpeg,素材_075
https://emos.plurk.com/a33b379a79e3afdb95b5906a5bf06348_w48_h48.jpeg,素材_076
https://emos.plurk.com/87969b048d3c423d5a7306397592cf2a_w48_h48.png,素材_077
https://emos.plurk.com/ffaf4ecee14eccc33f2ee664fbe04dfc_w48_h48.png,素材_078
https://emos.plurk.com/2326fd3f6c0a4b5317b11bffb381d8b1_w47_h48.jpeg,素材_079
https://emos.plurk.com/c7ffaf1249c0bf6b2347b867788f87f2_w48_h48.jpeg,素材_080
https://emos.plurk.com/0f4d3a0a716b066ebbe03cb24f263619_w48_h48.jpeg,素材_081
https://emos.plurk.com/5d69646e50dcabea84ed238b5c8b17e5_w48_h48.jpeg,素材_082
https://emos.plurk.com/9a0da64e0688c0077d509726210f6507_w48_h48.jpeg,素材_083
https://emos.plurk.com/4fbc9f3d234059f06c940413108d2f5d_w48_h48.png,素材_084
https://emos.plurk.com/998acbc55a2b02e7db375437628b5a72_w48_h48.png,素材_085
https://emos.plurk.com/2e02e0bf2bebe6ca742ea4a65abd40c0_w48_h48.png,素材_086
https://emos.plurk.com/e99102338ccad80fedc474f244f03965_w48_h48.png,素材_087
https://emos.plurk.com/a52425b4fb290e04ff78ca7b7ed511cc_w48_h48.png,素材_088
https://emos.plurk.com/1399d91087ad698f4eae56ae1928781b_w48_h48.png,素材_089
https://emos.plurk.com/7ce0a9be04a5651fdf09e2935fdfdd9d_w48_h48.png,素材_090
https://emos.plurk.com/1a251cafe298ef17ebd9e5d91041d92e_w48_h48.png,素材_091
https://emos.plurk.com/e1490677ec2cd74728452e93d65bff77_w48_h48.png,素材_092
https://emos.plurk.com/9623715afced6ffe610a7bcb0f913496_w48_h48.png,素材_093
https://emos.plurk.com/0a7cf596cf252f02835cee98e9fe5fa0_w48_h48.png,素材_094
https://emos.plurk.com/ccac48b5f2e80e9b68cf9e8406578a47_w48_h48.png,素材_095
https://emos.plurk.com/041745eb122349b49f89acc103ccaf9f_w48_h48.jpeg,素材_096
https://emos.plurk.com/a3161d0a3e6f1f61a445f716e83d77e0_w45_h48.gif,素材_097
https://emos.plurk.com/87ce750970e0c4e83cabcf50f8d6fe20_w48_h48.png,素材_098
https://emos.plurk.com/671a0587048fc63b69f49474a403cb0c_w48_h48.jpeg,素材_099
https://emos.plurk.com/8b2f5da9530f8bbb3de01018575c219d_w48_h48.png,素材_100
https://emos.plurk.com/b36299c3df5c103e1b58ad967211d780_w48_h48.png,素材_101
https://emos.plurk.com/f95492a842eb53a853f9a350c90072ef_w48_h48.png,素材_102
https://emos.plurk.com/412a3af23256afa507f4cbd248b71fef_w48_h48.png,素材_103
https://emos.plurk.com/a0a3acb5081d2659feab707e5e52b36a_w48_h48.png,素材_104
https://emos.plurk.com/aa1214439d74fcb509e25970c8343ed5_w48_h48.png,素材_105
https://emos.plurk.com/d8bc5f9d41d58d9f02fc7b329eca22c3_w48_h48.png,素材_106
https://emos.plurk.com/abdbc2044526aab5c9527f74e3ff2646_w48_h48.png,素材_107
https://emos.plurk.com/c403de0226cef712831a4a17de857c19_w48_h48.png,素材_108
https://emos.plurk.com/5e0598ac993f8e91f6c78a52ce72dd1b_w48_h48.jpeg,素材_109
https://emos.plurk.com/16425bb025114df2c1a01c5b0ba140b3_w48_h48.gif,素材_110
https://emos.plurk.com/7d5297a2c2630b7a8f3ed83c834fcb94_w48_h48.jpeg,素材_111
https://emos.plurk.com/2378cd03b76d9d5f3be6396750fe6e62_w48_h48.gif,素材_112
https://emos.plurk.com/a598f498d20e9f57fbb3f4087cd6124d_w48_h48.png,素材_114
https://emos.plurk.com/620d17763cc572f80ec7498b5445fe9a_w48_h45.jpeg,素材_115
https://emos.plurk.com/bdc0af10566f8ad2e3081cb5089516f0_w48_h48.jpeg,素材_116
https://emos.plurk.com/f3ed6abc13abad7d3c76792a82d5a8c7_w28_h48.gif,素材_117
https://emos.plurk.com/4a71237bae23a7a7efa45ec7739f5b8d_w48_h48.gif,素材_118
https://emos.plurk.com/f28b6f1033ee79c9c19e4563368a7303_w48_h48.jpeg,艦娘_001
https://emos.plurk.com/e0fa426a2e1030db88f036d840470f14_w48_h48.jpeg,艦娘_002
https://emos.plurk.com/c5541ed45b861fa8bd5e268e837d4c47_w48_h48.png,艦娘_003
https://emos.plurk.com/3f9a400a12ef7f01f0414d40fd897ed6_w48_h48.png,艦娘_004
https://emos.plurk.com/42530021e470f850202b00b675239bf2_w48_h48.jpeg,艦娘_005
https://emos.plurk.com/13761602afa6eae5f6454c59f61d4867_w48_h48.gif,艦娘_006
https://emos.plurk.com/c7f65e91318246933b3edaf7cb4fb9bc_w48_h48.gif,艦娘_007
https://emos.plurk.com/0302bab178da75c3fd671fbd59ebb050_w48_h48.png,艦娘_008
https://emos.plurk.com/1ca13f57464b1b25abc56fd605352a5c_w48_h48.jpeg,艦娘_009
https://emos.plurk.com/72d7857234620e7c618eaabc7c6cba41_w48_h48.gif,艦娘_010
https://emos.plurk.com/b74447922647ddcc441bda642110258e_w48_h48.gif,艦娘_011
https://emos.plurk.com/9dc4c650c1090f553767fc53d4a2b8f0_w48_h48.gif,艦娘_012
https://emos.plurk.com/361d5eb5ded1efbce608a98268751d8f_w48_h48.gif,艦娘_013
https://emos.plurk.com/1fb6e3da5f85f2a7a5f3029a7c07a821_w48_h48.gif,艦娘_014
https://emos.plurk.com/f2d3f1348d066784c6e53f3525d85364_w48_h48.gif,艦娘_015
https://emos.plurk.com/f1788da6ee0bb6d3e9d33a81ca837820_w48_h48.gif,艦娘_016
https://emos.plurk.com/54a19cf260a13c3b7fc360d94bc0abf6_w48_h48.gif,艦娘_017
https://emos.plurk.com/a297357cffcf8872d8614cfb04a50a95_w48_h48.gif,艦娘_018
https://emos.plurk.com/96718fa118b70f05aa311ebc567c9956_w48_h48.jpeg,艦娘_019
https://emos.plurk.com/f272a26d70f82f3fb803fda641566452_w48_h48.png,艦娘_020
https://emos.plurk.com/6c6d6e82c334a4dd85b6fc01823085df_w48_h48.jpeg,艦娘_021
https://emos.plurk.com/bfadb81b13842bbf44fcc3d8752b4895_w48_h48.png,艦娘_024
https://emos.plurk.com/c808e21215c620f96b7c389f602dcb93_w48_h48.jpeg,艦娘_025
https://emos.plurk.com/14ff973cdc672e5b7b3a9fcc4cdd0a00_w48_h48.jpeg,艦娘_026
https://emos.plurk.com/e6319007986e7d2b61d0125588d60ebd_w48_h48.jpeg,艦娘_027
https://emos.plurk.com/d81dade168e840b7dfd95b1f39fea02a_w48_h48.jpeg,艦娘_028
https://emos.plurk.com/a09e04cfb33f404e4f27a31e8fd74add_w48_h48.jpeg,艦娘_029
https://emos.plurk.com/8d37349489b32baa6893f1698868656c_w48_h48.jpeg,艦娘_030
https://emos.plurk.com/33ae4909c8486af33792249b987bf503_w48_h48.jpeg,艦娘_031
https://emos.plurk.com/1dd893c6ce920ef34d0f70210dd2a287_w48_h48.jpeg,艦娘_032
https://emos.plurk.com/7932cfdbc172c36251bc5cf3504a690e_w48_h48.png,艦娘_23
https://emos.plurk.com/5ccadb66272954194838b48a52235327_w48_h48.gif,艦娘_24
https://emos.plurk.com/efbcaad05b78d8e7cf27572e8d013de4_w48_h48.jpeg,艦娘_25
https://emos.plurk.com/53d15f0bde54be1693352a266d134b46_w48_h48.jpeg,艦娘_26
https://emos.plurk.com/01fab75d7afb92f867098ebe3ee8ee1a_w48_h48.png,艦娘_27
https://emos.plurk.com/0260629d02fc5af5ed4a7d2042aff9ca_w32_h30.gif,貓_001
https://emos.plurk.com/53bd02db274a07e0b2268f4338821ae8_w32_h19.gif,貓_002
https://emos.plurk.com/7a00e02d081ddc76c5dc711ac49fa05c_w32_h40.gif,貓_003
https://emos.plurk.com/9b6fc1fdc9415c10ebc08f6e83cfba64_w40_h32.gif,貓_004
https://emos.plurk.com/43b40c3ed4183ce8b0f4a2d125b267f0_w48_h48.gif,貓_005
https://emos.plurk.com/f00e7edbf9e38fa8b425a6bce267f730_w24_h32.gif,貓_006
https://emos.plurk.com/e270064e210c7e37e1a393045ecc37ae_w32_h40.gif,貓_007
https://emos.plurk.com/84126ae8f51b38be3e763fe7839ff98f_w32_h21.gif,貓_008
https://emos.plurk.com/f3017c3422e7d93e8d5741f3045aa3c0_w32_h32.gif,貓_009
https://emos.plurk.com/31ebe894eaadbea1c595dbedd75009ac_w32_h19.gif,貓_010
https://emos.plurk.com/2deefcb32342f36ada2997f1715bc219_w32_h32.gif,貓_011
https://emos.plurk.com/597cc5f9079930e3403c481f20223538_w45_h46.gif,貓_012
https://emos.plurk.com/bfbbabb1118c6e4a551d0bbd30d780e6_w41_h19.gif,貓_013
https://emos.plurk.com/f0f7f66461b833ae7d863f16f0882982_w48_h33.gif,貓_014
https://emos.plurk.com/34e88108268212e768cd9f6d318d6b03_w48_h48.gif,貓_015
https://emos.plurk.com/815ccf6702611aafadde54b013479cd9_w48_h48.jpeg,貓_016
https://emos.plurk.com/221bfb8410c9787ec39e5615ab17a67e_w48_h48.gif,貓_017
https://emos.plurk.com/f63e1ed7e7ff403f83fa82a6875c0d75_w30_h24.gif,貓_018
https://emos.plurk.com/1a51024d1b38e7d35ff75f5be3a37bc4_w32_h33.gif,貓_019
https://emos.plurk.com/967ad4f8df647314c450b38c9b7c9247_w24_h24.png,貓_020
https://emos.plurk.com/e00337a726bcadffafc45e2cd47b74ce_w39_h33.gif,貓_021
https://emos.plurk.com/9bd04e6cebe98232f8226b2da709850d_w44_h31.gif,貓_022